회사명,종목코드,ref_date
스트라드비젼,475040,2026-07-05
져스텍,153890,2026-07-05
마키나락스,477850,2026-07-05
케이피항공산업,288180,2026-07-05
폴레드,487580,2026-07-05
코스모로보틱스,439960,2026-07-05
리센스메디컬,394420,2026-07-05
한패스,408470,2026-07-05
아이엠바이오로직스,493280,2026-07-05
에스팀,458350,2026-07-05
지에프아이,493330,2026-07-05
삼미금속,012210,2026-07-05
세미파이브,490470,2026-07-05
리브스메드,491000,2026-07-05
알지노믹스,476830,2026-07-05
나라스페이스테크놀로지,478340,2026-07-05
쿼드메디슨,464490,2026-07-05
이지스,261520,2026-07-05
테라뷰,950250,2026-07-05
비츠로넥스텍,488900,2026-07-05
씨엠티엑스,388210,2026-07-05
더핑크퐁컴퍼니,403850,2026-07-05
알트,459550,2026-07-05
큐리오시스,494120,2026-07-05
이노테크,469610,2026-07-05
노타,486990,2026-07-05
삼익제약,014950,2026-07-05
에스투더블유,488280,2026-07-05
그래피,318060,2026-07-05
애드포러스,397810,2026-07-05
한라캐스트,125490,2026-07-05
삼양컴텍,484590,2026-07-05
지투지바이오,456160,2026-07-05
아이티켐,309710,2026-07-05
프로티나,468530,2026-07-05
엔알비,475230,2026-07-05
뉴로핏,380550,2026-07-05
도우인시스,484120,2026-07-05
아우토크립트,331740,2026-07-05
뉴키즈온,462310,2026-07-05
싸이닉솔루션,234030,2026-07-05
뉴엔AI,463020,2026-07-05
지에프씨생명과학,388610,2026-07-05
케이지에이,455180,2026-07-05
지씨지놈,340450,2026-07-05
링크솔루션,474650,2026-07-05
키스트론,475430,2026-07-05
바이오비쥬,489460,2026-07-05
이뮨온시아,424870,2026-07-05
바이오포트,188040,2026-07-05
티씨머티리얼즈,125020,2026-07-05
로킷헬스케어,376900,2026-07-05
오가노이드사이언스,476040,2026-07-05
원일티엔아이,136150,2026-07-05
나우로보틱스,459510,2026-07-05
에이아이코리아,364950,2026-07-05
쎄크,081180,2026-07-05
한국피아이엠,448900,2026-07-05
에이유브랜즈,481070,2026-07-05
우양에이치씨,101970,2026-07-05
더즌,462860,2026-07-05
심플랫폼,444530,2026-07-05
한텍,098070,2026-07-05
에스엠씨지,460870,2026-07-05
엠디바이스,226590,2026-07-05
대진첨단소재,393970,2026-07-05
엘케이켐,489500,2026-07-05
위너스일렉,479960,2026-07-05
모티브링크,463480,2026-07-05
동국생명과학,303810,2026-07-05
오름테라퓨틱,475830,2026-07-05
동방메디컬,240550,2026-07-05
아이에스티이,212710,2026-07-05
아이지넷,462980,2026-07-05
피아이이,452450,2026-07-05
삼양엔씨켐,482630,2026-07-05
데이원컴퍼니,373160,2026-07-05
아스테라시스,450950,2026-07-05
와이즈넛,096250,2026-07-05
미트박스,475460,2026-07-05
블랙야크아이앤씨,478560,2026-07-05
엠에프씨,432980,2026-07-05
파인메딕스,387570,2026-07-05
쓰리에이로직스,177900,2026-07-05
듀켐바이오,176750,2026-07-05
에스지헬스케어,398120,2026-07-05
온코닉테라퓨틱스,476060,2026-07-05
온코크로스,382150,2026-07-05
벡트,457600,2026-07-05
셀로맥스사이언스,471820,2026-07-05
위츠,459100,2026-07-05
유디엠텍,389680,2026-07-05
RF시스템즈,474610,2026-07-05
사이냅소프트,466410,2026-07-05
에스켐,475660,2026-07-05
엠오티,413390,2026-07-05
쓰리빌리언,394800,2026-07-05
닷밀,464580,2026-07-05
노머스,473980,2026-07-05
에어레인,163280,2026-07-05
토모큐브,475960,2026-07-05
HEM파마,376270,2026-07-05
에이럭스,475580,2026-07-05
탑런토탈솔루션,336680,2026-07-05
클로봇,466100,2026-07-05
웨이비스,289930,2026-07-05
씨메스로보틱스,475400,2026-07-05
한켐,457370,2026-07-05
와이제이링크,209640,2026-07-05
인스피언,465480,2026-07-05
셀비온,308430,2026-07-05
제닉스로보틱스,381620,2026-07-05
차이커뮤니케이션,351870,2026-07-05
아이언디바이스,464500,2026-07-05
아이비젼웍스,469750,2026-07-05
아이스크림미디어,461300,2026-07-05
이엔셀,456070,2026-07-05
M83,476080,2026-07-05
티디에스팜,464280,2026-07-05
넥스트바이오메디컬,389650,2026-07-05
케이쓰리아이,431190,2026-07-05
유라클,088340,2026-07-05
뱅크웨어글로벌,199480,2026-07-05
아이빔테크놀로지,460470,2026-07-05
피앤에스로보틱스,460940,2026-07-05
엑셀세라퓨틱스,373110,2026-07-05
하스,450330,2026-07-05
에이치브이엠,295310,2026-07-05
하이젠알앤엠,160190,2026-07-05
에스오에스랩,464080,2026-07-05
에스오에스랩,464080,2026-07-05
한중엔시에스,107640,2026-07-05
씨어스,458870,2026-07-05
라메디텍,462510,2026-07-05
그리드위즈,453450,2026-07-05
다원넥스뷰,323350,2026-07-05
노브랜드,145170,2026-07-05
아이씨티케이,456010,2026-07-05
코칩,126730,2026-07-05
민테크,452200,2026-07-05
카티스,140430,2026-07-05
디앤디파마텍,347850,2026-07-05
제일엠앤에스,412540,2026-07-05
삐아,451250,2026-07-05
아이엠비디엑스,461030,2026-07-05
엔젤로보틱스,455900,2026-07-05
제이투케이바이오,420570,2026-07-05
삼현,437730,2026-07-05
오상헬스케어,036220,2026-07-05
케이엔알시스템,199430,2026-07-05
E8,418620,2026-07-05
코셈,360350,2026-07-05
케이웨더,068100,2026-07-05
사피엔반도체,452430,2026-07-05
에스피소프트,443670,2026-07-05
스튜디오삼익,415380,2026-07-05
폰드그룹,472850,2026-07-05
레이저옵텍,199550,2026-07-05
이닉스,452400,2026-07-05
현대힘스,460930,2026-07-05
HB인베스트먼트,440290,2026-07-05
드림인사이트,362990,2026-07-05
우진엔텍,457550,2026-07-05
한빛레이저,452190,2026-07-05
씨싸이트,109670,2026-07-05
블루엠텍,439580,2026-07-05
LS머트리얼즈,417200,2026-07-05
케이엔에스,432470,2026-07-05
와이바이오로직스,338840,2026-07-05
에이텀,355690,2026-07-05
에이에스텍,453860,2026-07-05
그린리소스,402490,2026-07-05
제이엔비,452160,2026-07-05
한선엔지니어링,452280,2026-07-05
에코아이,448280,2026-07-05
캡스톤파트너스,452300,2026-07-05
에스와이스틸텍,365330,2026-07-05
에이직랜드,445090,2026-07-05
메가터치,446540,2026-07-05
비아이매트릭스,413640,2026-07-05
컨텍,451760,2026-07-05
큐로셀,372320,2026-07-05
쏘닉스,088280,2026-07-05
세니젠,188260,2026-07-05
파라택시스이더리움,290560,2026-07-05
지구홀딩스,221800,2026-07-05
퀄리타스반도체,432720,2026-07-05
워트,396470,2026-07-05
에스엘에스바이오,246250,2026-07-05
신성에스티,416180,2026-07-05
퓨릿,445180,2026-07-05
레뷰코퍼레이션,443250,2026-07-05
한싹,430690,2026-07-05
KT밀리의서재,418470,2026-07-05
인스웨이브,450520,2026-07-05
우듬지팜,403490,2026-07-05
코어라인소프트,384470,2026-07-05
크라우드웍스,355390,2026-07-05
시큐레터,418250,2026-07-05
스마트레이더시스템,424960,2026-07-05
캔버스엔,210120,2026-07-05
코츠테크놀로지,448710,2026-07-05
큐리옥스바이오시스템즈,445680,2026-07-05
파두,440110,2026-07-05
엠아이큐브솔루션,373170,2026-07-05
시지트로닉스,429270,2026-07-05
에이엘티,172670,2026-07-05
파로스아이바이오,388870,2026-07-05
버넥트,438700,2026-07-05
뷰티스킨,406820,2026-07-05
와이랩,432430,2026-07-05
센서뷰,321370,2026-07-05
필에너지,378340,2026-07-05
이노시뮬레이션,274400,2026-07-05
알멕,354320,2026-07-05
오픈놀,440320,2026-07-05
아이티센피엔에스,232830,2026-07-05
프로티아,303360,2026-07-05
큐라티스,348080,2026-07-05
마녀공장,439090,2026-07-05
나라셀라,405920,2026-07-05
진영,285800,2026-07-05
기가비스,420770,2026-07-05
모니터랩,434480,2026-07-05
시선AI,340810,2026-07-05
지슨,446840,2026-07-05
트루엔,417790,2026-07-05
에스바이오메딕스,304360,2026-07-05
슈어소프트테크,298830,2026-07-05
토마토시스템,393210,2026-07-05
마이크로투나노,424980,2026-07-05
셀바이오휴먼텍,318160,2026-07-05
LB인베스트먼트,309960,2026-07-05
엑스게이트,356680,2026-07-05
금양그린파워,282720,2026-07-05
라온텍,418420,2026-07-05
자람테크놀로지,389020,2026-07-05
나노팀,417010,2026-07-05
바이오인프라,199730,2026-07-05
이노진,344860,2026-07-05
화인써키트,127980,2026-07-05
제이오,418550,2026-07-05
샌즈랩,411080,2026-07-05
꿈비,407400,2026-07-05
스튜디오미르,408900,2026-07-05
삼기에너지솔루션즈,419050,2026-07-05
오브젠,417860,2026-07-05
미래반도체,254490,2026-07-05
티이엠씨,425040,2026-07-05
한주라이트메탈,198940,2026-07-05
옵티코어,380540,2026-07-05
신스틸,162300,2026-07-05
핑거스토리,417180,2026-07-05
SAMG엔터,419530,2026-07-05
펨트론,168360,2026-07-05
인벤티지랩,389470,2026-07-05
엔젯,419080,2026-07-05
유비온,084440,2026-07-05
티쓰리,204610,2026-07-05
윤성에프앤씨,372170,2026-07-05
디티앤씨알오,383930,2026-07-05
뉴로메카,348340,2026-07-05
제이아이테크,417500,2026-07-05
큐알티,405100,2026-07-05
저스템,417840,2026-07-05
산돌,419120,2026-07-05
플라즈맵,405000,2026-07-05
핀텔,291810,2026-07-05
샤페론,378800,2026-07-05
비스토스,419540,2026-07-05
탑머티리얼,360070,2026-07-05
에스비비테크,389500,2026-07-05
모델솔루션,417970,2026-07-05
이노에이엑스,296640,2026-07-05
파인엠텍,441270,2026-07-05
선바이오,067370,2026-07-05
더블유씨피,393890,2026-07-05
알피바이오,314140,2026-07-05
오픈엣지테크놀로지,394280,2026-07-05
에이치와이티씨,148930,2026-07-05
새빗켐,107600,2026-07-05
아이씨에이치,368600,2026-07-05
성일하이텍,365340,2026-07-05
에이프릴바이오,397030,2026-07-05
벨로크,424760,2026-07-05
루닛,328130,2026-07-05
HPSP,403870,2026-07-05
와이씨켐,112290,2026-07-05
코난테크놀로지,402030,2026-07-05
넥스트칩,396270,2026-07-05
레이저쎌,412350,2026-07-05
보로노이,310210,2026-07-05
큐에이드,377460,2026-07-05
큐에이드,377460,2026-07-05
비큐AI,148780,2026-07-05
범한퓨얼셀,382900,2026-07-05
청담글로벌,362320,2026-07-05
가온칩스,399720,2026-07-05
대명에너지,389260,2026-07-05
포바이포,389140,2026-07-05
지투파워,388050,2026-07-05
씨피시스템,413630,2026-07-05
세아메카닉스,396300,2026-07-05
나인앤컴퍼니,366030,2026-07-05
유일로보틱스,388720,2026-07-05
메쎄이상,408920,2026-07-05
노을,376930,2026-07-05
비씨엔씨,146320,2026-07-05
풍원정밀,371950,2026-07-05
스톤브릿지벤처스,330730,2026-07-05
브이씨,365900,2026-07-05
퓨런티어,370090,2026-07-05
인카금융서비스,211050,2026-07-05
나래나노텍,137080,2026-07-05
아셈스,136410,2026-07-05
스코넥,276040,2026-07-05
이지트로닉스,377330,2026-07-05
애드바이오텍,179530,2026-07-05
케이옥션,102370,2026-07-05
오토앤,353590,2026-07-05
아티스트스튜디오,200350,2026-07-05
마음AI,377480,2026-07-05
NPX,222160,2026-07-05
트윔,290090,2026-07-05
아이티아이즈,372800,2026-07-05
지오엘리먼트,311320,2026-07-05
SKAI,357880,2026-07-05
디어유,376300,2026-07-05
지니너스,389030,2026-07-05
피코그램,376180,2026-07-05
엔켐,348370,2026-07-05
리파인,377450,2026-07-05
지앤비에스 에코,382800,2026-07-05
아이패밀리에스씨,114840,2026-07-05
아리바이오LAB,261780,2026-07-05
지아이텍,382480,2026-07-05
코닉오토메이션,391710,2026-07-05
씨유테크,376290,2026-07-05
아스플로,159010,2026-07-05
원준,382840,2026-07-05
실리콘투,257720,2026-07-05
에스앤디,260970,2026-07-05
바이오플러스,099430,2026-07-05
와이엠텍,273640,2026-07-05
에이비온,203400,2026-07-05
라이콤,388790,2026-07-05
바이젠셀,308080,2026-07-05
딥노이드,315640,2026-07-05
엠로,058970,2026-07-05
플래티어,367000,2026-07-05
원티드랩,376980,2026-07-05
HK이노엔,195940,2026-07-05
에브리봇,270660,2026-07-05
비트맥스,377030,2026-07-05
큐라클,365270,2026-07-05
오비고,352910,2026-07-05
아모센스,357580,2026-07-05
라온로보틱스,232680,2026-07-05
페니트리움바이오,187660,2026-07-05
에코프로에이치엔,383310,2026-07-05
진시스템,363250,2026-07-05
한울앤제주,276730,2026-07-05
삼영에스앤씨,361670,2026-07-05
샘씨엔에스,252990,2026-07-05
씨앤씨인터내셔널,352480,2026-07-05
에이치피오,357230,2026-07-05
쿠콘,294570,2026-07-05
이삭엔지니어링,351330,2026-07-05
해성에어로보틱스,059270,2026-07-05
엔시스,333620,2026-07-05
자이언트스텝,289220,2026-07-05
제노코,361390,2026-07-05
바이오다인,314930,2026-07-05
네오이뮨텍,950220,2026-07-05
싸이버원,356890,2026-07-05
프레스티지바이오로직스,334970,2026-07-05
나노씨엠에스,247660,2026-07-05
뷰노,338220,2026-07-05
성원에너텍,340930,2026-07-05
씨이랩,189330,2026-07-05
오로스테크놀로지,322310,2026-07-05
피엔에이치테크,239890,2026-07-05
모비데이즈,363260,2026-07-05
아이퀘스트,262840,2026-07-05
레인보우로보틱스,277810,2026-07-05
아티스트컴퍼니,321820,2026-07-05
모비릭스,348030,2026-07-05
씨앤투스,352700,2026-07-05
선진뷰티사이언스,086710,2026-07-05
엔비티,236810,2026-07-05
파이버프로,368770,2026-07-05
블리츠웨이엔터테인먼트,369370,2026-07-05
석경에이티,357550,2026-07-05
지놈앤컴퍼니,314130,2026-07-05
프리시젼바이오,335810,2026-07-05
알체라,347860,2026-07-05
하이딥,365590,2026-07-05
티엘비,356860,2026-07-05
인바이오,352940,2026-07-05
퀀타매트릭스,317690,2026-07-05
셀레스트라,352770,2026-07-05
앱코,129890,2026-07-05
엔에프씨,265740,2026-07-05
제일일렉트릭,199820,2026-07-05
하나기술,299030,2026-07-05
티앤엘,340570,2026-07-05
고바이오랩,348150,2026-07-05
소룩스,290690,2026-07-05
위드텍,348350,2026-07-05
센코,347000,2026-07-05
바이브컴퍼니,301300,2026-07-05
롤링스톤,214610,2026-07-05
피플바이오,304840,2026-07-05
넥스틴,348210,2026-07-05
케이엔솔,053080,2026-07-05
비나텍,126340,2026-07-05
씨엔알리서치,359090,2026-07-05
박셀바이오,323990,2026-07-05
박셀바이오,323990,2026-07-05
비비씨,318410,2026-07-05
코스텍시스,355150,2026-07-05
핌스,347770,2026-07-05
압타머사이언스,291650,2026-07-05
이오플로우,294090,2026-07-05
카카오게임즈,293490,2026-07-05
피엔케이피부임상연구센타,347740,2026-07-05
아이디피,332370,2026-07-05
셀레믹스,331920,2026-07-05
고스트스튜디오,950190,2026-07-05
영림원소프트랩,060850,2026-07-05
한국파마,032300,2026-07-05
솔브레인,357780,2026-07-05
PS일렉트로닉스,332570,2026-07-05
에코앤드림,101360,2026-07-05
엠엑스온,347890,2026-07-05
더네이쳐홀딩스,298540,2026-07-05
제놀루션,225220,2026-07-05
솔트룩스,304100,2026-07-05
티에스아이,277880,2026-07-05
에이프로,262260,2026-07-05
소마젠,950200,2026-07-05
신도기연,290520,2026-07-05
위더스제약,330350,2026-07-05
엠브레인,169330,2026-07-05
젠큐릭스,229000,2026-07-05
HB솔루션,297890,2026-07-05
넥사다이내믹스,351320,2026-07-05
풍전약품,298060,2026-07-05
이지바이오,353810,2026-07-05
드림씨아이에스,223250,2026-07-05
캐프,198080,2026-07-05
플레이디,237820,2026-07-05
서울바이오시스,092190,2026-07-05
제이앤티씨,204270,2026-07-05
켄코아에어로스페이스,274090,2026-07-05
레몬,294140,2026-07-05
서남,294630,2026-07-05
위세아이텍,065370,2026-07-05
세림B&G,340440,2026-07-05
CJ 바이오사이언스,311690,2026-07-05
한국첨단소재,062970,2026-07-05
한국첨단소재,062970,2026-07-05
RF머트리얼즈,327260,2026-07-05
아이비김영,339950,2026-07-05
파라택시스코리아,288330,2026-07-05
다보링크,340360,2026-07-05
메드팩토,235980,2026-07-05
원텍,336570,2026-07-05
신테카바이오,226330,2026-07-05
제이엘케이,322510,2026-07-05
태웅로직스,124560,2026-07-05
리메드,302550,2026-07-05
웨이버스,336060,2026-07-05
HLB바이오스텝,278650,2026-07-05
티움바이오,321550,2026-07-05
씨에스베어링,297090,2026-07-05
우양,103840,2026-07-05
코리아에셋투자증권,190650,2026-07-05
제테마,216080,2026-07-05
라파스,214260,2026-07-05
아이티엠반도체,084850,2026-07-05
미디어젠,279600,2026-07-05
LS티라유텍,322180,2026-07-05
이노테나,333050,2026-07-05
밸로프,331520,2026-07-05
에피소드컴퍼니,317530,2026-07-05
케이엔제이,272110,2026-07-05
엔바이오니아,317870,2026-07-05
팜스빌,318010,2026-07-05
라온피플,300120,2026-07-05
아톤,158430,2026-07-05
누보,332290,2026-07-05
포커스에이아이,331380,2026-07-05
올리패스,244460,2026-07-05
라닉스,317120,2026-07-05
한독크린텍,256150,2026-07-05
네오크레마,311390,2026-07-05
마니커에프앤지,195500,2026-07-05
솔트웨어,328380,2026-07-05
나노실리칸첨단소재,286750,2026-07-05
에스피시스템스,317830,2026-07-05
레이,228670,2026-07-05
그린플러스,186230,2026-07-05
코윈테크,282880,2026-07-05
덕산테코피아,317330,2026-07-05
KBG,318000,2026-07-05
엑스페릭스,317770,2026-07-05
세경하이테크,148150,2026-07-05
캐리,313760,2026-07-05
대모,317850,2026-07-05
에이스토리,241840,2026-07-05
플리토,300080,2026-07-05
헥토파이낸셜,234340,2026-07-05
아이스크림에듀,289010,2026-07-05
펌텍코리아,251970,2026-07-05
에이에프더블류,312610,2026-07-05
태성,323280,2026-07-05
압타바이오,293780,2026-07-05
형지글로벌,308100,2026-07-05
마이크로디지탈,305090,2026-07-05
코퍼스코리아,322780,2026-07-05
수젠텍,253840,2026-07-05
컴퍼니케이,307930,2026-07-05
피에스케이,319660,2026-07-05
현대무벡스,319400,2026-07-05
TS트릴리온,317240,2026-07-05
아모그린텍,125210,2026-07-05
지노믹트리,228760,2026-07-05
이지케어텍,099750,2026-07-05
미래에셋벤처투자,100790,2026-07-05
에코프로비엠,247540,2026-07-05
셀리드,299660,2026-07-05
천보,278280,2026-07-05
SCL사이언스,246960,2026-07-05
웹케시,053580,2026-07-05
비피도,238200,2026-07-05
유틸렉스,263050,2026-07-05
디케이티,290550,2026-07-05
아이엘,307180,2026-07-05
애니플러스,310200,2026-07-05
조이웍스앤코,309930,2026-07-05
에이비엘바이오,298380,2026-07-05
머큐리,100590,2026-07-05
전진바이오팜,110020,2026-07-05
뉴트리,270870,2026-07-05
비투엔,307870,2026-07-05
DH오토리드,290120,2026-07-05
에코캡,128540,2026-07-05
원바이오젠,307280,2026-07-05
윙입푸드,900340,2026-07-05
남화산업,111710,2026-07-05
남화산업,111710,2026-07-05
엠아이텍,179290,2026-07-05
티로보틱스,117730,2026-07-05
다이나믹솔루션,290660,2026-07-05
티앤알바이오팹,246710,2026-07-05
디알젬,263690,2026-07-05
싸이토젠,217330,2026-07-05
아주IB투자,027360,2026-07-05
디케이앤디,263020,2026-07-05
노바렉스,194700,2026-07-05
대보마그네틱,290670,2026-07-05
노바텍,285490,2026-07-05
엘앤씨바이오,290650,2026-07-05
지아이에스,306620,2026-07-05
로보티즈,108490,2026-07-05
옵티팜,153710,2026-07-05
에스프리즘,288620,2026-07-05
나우IB,293580,2026-07-05
푸드나무,290720,2026-07-05
크리스에프앤씨,110790,2026-07-05
한국비티비,219750,2026-07-05
엔피,291230,2026-07-05
피엔티엠에스,257370,2026-07-05
디지캡,197140,2026-07-05
지니틱스,303030,2026-07-05
액트로,290740,2026-07-05
오파스넷,173130,2026-07-05
브이엠,089970,2026-07-05
바이오솔루션,086820,2026-07-05
디아이티,110990,2026-07-05
에스에스알,275630,2026-07-05
한국유니온제약,080720,2026-07-05
그리티,204020,2026-07-05
아틀라스링크,297570,2026-07-05
올릭스,226950,2026-07-05
아이큐어,175250,2026-07-05
SV인베스트먼트,289080,2026-07-05
EDGC,245620,2026-07-05
카이노스메드,284620,2026-07-05
파워넷,037030,2026-07-05
현대사료,016790,2026-07-05
세종메디칼,258830,2026-07-05
제노레이,122310,2026-07-05
JTC,950170,2026-07-05
케어랩스,263700,2026-07-05
린드먼아시아,277070,2026-07-05
오스테오닉,226400,2026-07-05
엔지켐생명과학,183490,2026-07-05
동구바이오제약,006620,2026-07-05
아시아종묘,154030,2026-07-05
알리코제약,260660,2026-07-05
카페24,042000,2026-07-05
링크제니시스,219420,2026-07-05
배럴,267790,2026-07-05
씨앤지하이테크,264660,2026-07-05
시스웍,269620,2026-07-05
디바이스,187870,2026-07-05
레이크머티리얼즈,281740,2026-07-05
씨티케이,260930,2026-07-05
메카로,241770,2026-07-05
에스트래픽,234300,2026-07-05
체리부로,066360,2026-07-05
대원,007680,2026-07-05
스튜디오드래곤,253450,2026-07-05
코오롱티슈진,950160,2026-07-05
영화테크,265560,2026-07-05
폴라리스세원,234100,2026-07-05
상신전자,263810,2026-07-05
야스,255440,2026-07-05
휴엠앤씨,263920,2026-07-05
신흥에스이씨,243840,2026-07-05
유티아이,179900,2026-07-05
선익시스템,171090,2026-07-05
엠플러스,259630,2026-07-05
앱클론,174900,2026-07-05
킵스파마,256940,2026-07-05
덕우전자,263600,2026-07-05
앱튼,270520,2026-07-05
케일럼,258610,2026-07-05
알에스오토메이션,140670,2026-07-05
컬러레이,900310,2026-07-05
와이즈버즈,273060,2026-07-05
모트렉스,118990,2026-07-05
데이타솔루션,263800,2026-07-05
지니언스,263860,2026-07-05
디앤씨미디어,263720,2026-07-05
힘스,238490,2026-07-05
브이원텍,251630,2026-07-05
아우딘퓨쳐스,227610,2026-07-05
이녹스첨단소재,272290,2026-07-05
하림지주,003380,2026-07-05
덴티스,261200,2026-07-05
나인테크,267320,2026-07-05
보라티알,250000,2026-07-05
매일유업,267980,2026-07-05
LK삼양,225190,2026-07-05
이랜시스,264850,2026-07-05
필옵틱스,161580,2026-07-05
포인트엔지니어링,256630,2026-07-05
하나머티리얼즈,166090,2026-07-05
소프트캠프,258790,2026-07-05
와이엠티,251370,2026-07-05
AP시스템,265520,2026-07-05
유에스티,263770,2026-07-05
이엘피,063760,2026-07-05
유비쿼스,264450,2026-07-05
서진시스템,178320,2026-07-05
코미코,183300,2026-07-05
아스타,246720,2026-07-05
에스디생명공학,217480,2026-07-05
신신제약,002800,2026-07-05
에프엔에스테크,083500,2026-07-05
모바일어플라이언스,087260,2026-07-05
피씨엘,241820,2026-07-05
서플러스글로벌,140070,2026-07-05
유바이오로직스,206650,2026-07-05
한국비엔씨,256840,2026-07-05
TS인베스트먼트,246690,2026-07-05
피엠티,147760,2026-07-05
HLB펩,196300,2026-07-05
HLB펩,196300,2026-07-05
유니온바이오메트릭스,203450,2026-07-05
신라젠,215600,2026-07-05
티이엠씨씨엔에스,241790,2026-07-05
퓨쳐켐,220100,2026-07-05
엘앤케이바이오,156100,2026-07-05
핸디소프트,220180,2026-07-05
클리오,237880,2026-07-05
오가닉티코스메틱,900300,2026-07-05
얼라인드,238120,2026-07-05
세화피앤씨,252500,2026-07-05
인크로스,216050,2026-07-05
에이치엘사이언스,239610,2026-07-05
코스메카코리아,241710,2026-07-05
GRT,900290,2026-07-05
인텔리안테크,189300,2026-07-05
에이치시티,072990,2026-07-05
잉글우드랩,950140,2026-07-05
수산아이앤티,050960,2026-07-05
미투온,201490,2026-07-05
예선테크,250930,2026-07-05
유니테크노,241690,2026-07-05
모비스,250060,2026-07-05
나무기술,242040,2026-07-05
자이글,234920,2026-07-05
헝셩그룹,900270,2026-07-05
다산디엠씨,208860,2026-07-05
우리손에프앤지,073560,2026-07-05
우리손에프앤지,073560,2026-07-05
알엔티엑스,123010,2026-07-05
피앤씨테크,237750,2026-07-05
로스웰,900260,2026-07-05
에스티팜,237690,2026-07-05
지씨셀,144510,2026-07-05
알엔투테크놀로지,148250,2026-07-05
이스트에이드,239340,2026-07-05
휴온스,243070,2026-07-05
원익IPS,240810,2026-07-05
레이언스,228850,2026-07-05
동양파일,228340,2026-07-05
팬젠,222110,2026-07-05
AP위성,211270,2026-07-05
큐리언트,115180,2026-07-05
안트로젠,065660,2026-07-05
슈프리마,236200,2026-07-05
유니트론텍,142210,2026-07-05
크리스탈신소재,900250,2026-07-05
더코디,224060,2026-07-05
에스와이,109610,2026-07-05
사토시홀딩스,223310,2026-07-05
와이씨,232140,2026-07-05
육일씨엔에쓰,191410,2026-07-05
한국맥널티,222980,2026-07-05
덱스터,206560,2026-07-05
아진산업,013310,2026-07-05
HLB제약,047920,2026-07-05
메가엠디,133750,2026-07-05
HC보광산업,225530,2026-07-05
파크시스템스,140860,2026-07-05
에치에프알,230240,2026-07-05
예스티,122640,2026-07-05
코스맥스엔비티,222040,2026-07-05
멕아이씨에스,058110,2026-07-05
원익피앤이,217820,2026-07-05
하이즈항공,221840,2026-07-05
DXVX,180400,2026-07-05
케이디켐,221980,2026-07-05
네오오토,212560,2026-07-05
엔투텍,227950,2026-07-05
아이진,185490,2026-07-05
나무가,190510,2026-07-05
시지메드텍,056090,2026-07-05
본느,226340,2026-07-05
엔케이젠바이오텍코리아,182400,2026-07-05
엑시콘,092870,2026-07-05
패션플랫폼,225590,2026-07-05
넥슨게임즈,225570,2026-07-05
제너셈,217190,2026-07-05
타이거일렉,219130,2026-07-05
휴먼테크놀로지,175140,2026-07-05
SFA넥셀,222080,2026-07-05
에이텍모빌리티,224110,2026-07-05
웹스,196700,2026-07-05
파인텍,131760,2026-07-05
심텍,222800,2026-07-05
흥국에프엔비,189980,2026-07-05
쎄노텍,222420,2026-07-05
칩스앤미디어,094360,2026-07-05
아시아경제,127710,2026-07-05
아이쓰리시스템,214430,2026-07-05
로지시스,067730,2026-07-05
켐트로스,220260,2026-07-05
파마리서치,214450,2026-07-05
디와이디,219550,2026-07-05
펩트론,087010,2026-07-05
RFHIC,218410,2026-07-05
동운아나텍,094170,2026-07-05
헥토이노베이션,214180,2026-07-05
코아스템켐온,166480,2026-07-05
베셀,177350,2026-07-05
넵튠,217270,2026-07-05
미래생명자원,218150,2026-07-05
싸이맥스,160980,2026-07-05
러셀,217500,2026-07-05
픽셀플러스,087600,2026-07-05
HLB제넥스,187420,2026-07-05
우정바이오,215380,2026-07-05
토박스코리아,215480,2026-07-05
우리산업,215360,2026-07-05
메가스터디교육,215200,2026-07-05
솔디펜스,215090,2026-07-05
로보로보,215100,2026-07-05
루트K,195990,2026-07-05
골프존,215000,2026-07-05
클래시스,214150,2026-07-05
FSN,214270,2026-07-05
포시에스,189690,2026-07-05
덕산네오룩스,213420,2026-07-05
국일신동,060480,2026-07-05
링크드,193250,2026-07-05
바디텍메드,206640,2026-07-05
썸에이지,208640,2026-07-05
에이팩트,200470,2026-07-05
휴메딕스,200670,2026-07-05
서전기전,189860,2026-07-05
아스트,067390,2026-07-05
지란지교시큐리티,208350,2026-07-05
포톤,208710,2026-07-05
NEW,160550,2026-07-05
아이티센글로벌,124500,2026-07-05
녹십자엠에스,142280,2026-07-05
디티앤씨,187220,2026-07-05
셀바스헬스케어,208370,2026-07-05
정다운,208140,2026-07-05
정다운,208140,2026-07-05
하이로닉,149980,2026-07-05
랩지노믹스,084650,2026-07-05
에이디테크놀로지,200710,2026-07-05
비씨월드제약,200780,2026-07-05
미스터블루,207760,2026-07-05
알테오젠,196170,2026-07-05
베노티앤알,206400,2026-07-05
대창스틸,140520,2026-07-05
에프엔씨엔터,173940,2026-07-05
휴마시스,205470,2026-07-05
텔콘RF제약,200230,2026-07-05
지엘팜텍,204840,2026-07-05
글로벌텍스프리,204620,2026-07-05
디에이테크놀로지,196490,2026-07-05
넥써쓰,205500,2026-07-05
엑셈,205100,2026-07-05
테고사이언스,191420,2026-07-05
슈피겐코리아,192440,2026-07-05
영우디에스피,143540,2026-07-05
드림시큐리티,203650,2026-07-05
메디아나,041920,2026-07-05
데브시스터즈,194480,2026-07-05
아크솔루션스,203690,2026-07-05
오늘이엔엠,192410,2026-07-05
강동씨앤엘,198440,2026-07-05
강동씨앤엘,198440,2026-07-05
신화콘텍,187270,2026-07-05
파버나인,177830,2026-07-05
덕신이피씨,090410,2026-07-05
창해에탄올,004650,2026-07-05
아진엑스텍,059120,2026-07-05
콜마비앤에이치,200130,2026-07-05
엣지파운드리,105550,2026-07-05
코아시아씨엠,196450,2026-07-05
케이사인,192250,2026-07-05
한국정보인증,053300,2026-07-05
다산솔루에타,154040,2026-07-05
현대이지웰,090850,2026-07-05
SGA솔루션즈,184230,2026-07-05
기가레인,049080,2026-07-05
알티캐스트,085810,2026-07-05
현대공업,170030,2026-07-05
엔브이에이치코리아,067570,2026-07-05
탑코미디어,134580,2026-07-05
큐브엔터,182360,2026-07-05
라이온켐텍,171120,2026-07-05
램테크놀러지,171010,2026-07-05
앤로보틱스,138360,2026-07-05
해성옵틱스,076610,2026-07-05
내츄럴엔도텍,168330,2026-07-05
파수AI,150900,2026-07-05
엘티씨,170920,2026-07-05
지엔씨에너지,119850,2026-07-05
아미코젠,092040,2026-07-05
파이오링크,170790,2026-07-05
KG에코솔루션,151860,2026-07-05
KT나스미디어,089600,2026-07-05
엑세스바이오,950130,2026-07-05
리가켐바이오,141080,2026-07-05
윈팩,097800,2026-07-05
코렌텍,104540,2026-07-05
제로투세븐,159580,2026-07-05
한솔아이원스,114810,2026-07-05
우리이앤엘하루틴,153490,2026-07-05
아이센스,099190,2026-07-05
에코글로우,159910,2026-07-05
우리로,046970,2026-07-05
우리로,046970,2026-07-05
디젠스,113810,2026-07-05
와이엠씨,155650,2026-07-05
아바텍,149950,2026-07-05
코이즈,121850,2026-07-05
피엔티,137400,2026-07-05
비아트론,141000,2026-07-05
빛샘전자,072950,2026-07-05
사람인,143240,2026-07-05
제룡산업,147830,2026-07-05
남화토건,091590,2026-07-05
남화토건,091590,2026-07-05
메지온,140410,2026-07-05
원익머트리얼즈,104830,2026-07-05
제이에스링크,127120,2026-07-05
나이스디앤비,130580,2026-07-05
시큐브,131090,2026-07-05
서암기계공업,100660,2026-07-05
서암기계공업,100660,2026-07-05
씨유메디칼,115480,2026-07-05
비덴트,121800,2026-07-05
신진에스엠,138070,2026-07-05
이엠넷,123570,2026-07-05
와이지엔터테인먼트,122870,2026-07-05
테크윙,089030,2026-07-05
씨큐브,101240,2026-07-05
엠엑스로보틱스,007820,2026-07-05
씨엔플러스,115530,2026-07-05
로보스타,090360,2026-07-05
대한과학,131220,2026-07-05
아이디스,143160,2026-07-05
제이씨케미칼,137950,2026-07-05
아이씨디,040910,2026-07-05
제닉,123330,2026-07-05
상아프론테크,089980,2026-07-05
나이벡,138610,2026-07-05
옵티시스,109080,2026-07-05
대양전기공업,108380,2026-07-05
넥스트아이,137940,2026-07-05
티엔엔터테인먼트,131100,2026-07-05
KX,122450,2026-07-05
골프존홀딩스,121440,2026-07-05
윈스테크넷,136540,2026-07-05
하림,136480,2026-07-05
이퓨쳐,134060,2026-07-05
부스타,008470,2026-07-05
나노신소재,121600,2026-07-05
케이아이엔엑스,093320,2026-07-05
티피씨글로벌,130740,2026-07-05
LB세미콘,061970,2026-07-05
딜리,131180,2026-07-05
제이엔케이글로벌,126880,2026-07-05
블루콤,033560,2026-07-05
인트론바이오,048530,2026-07-05
알서포트,131370,2026-07-05
인텍플러스,064290,2026-07-05
티에스이,131290,2026-07-05
이브이첨단소재,131400,2026-07-05
대정화금,120240,2026-07-05
피제이메탈,128660,2026-07-05
에이루트,096690,2026-07-05
티비씨,033830,2026-07-05
시그네틱스,033170,2026-07-05
한국전자인증,041460,2026-07-05
BGF에코머티리얼즈,126600,2026-07-05
디케이락,105740,2026-07-05
위메이드플레이,123420,2026-07-05
아나패스,123860,2026-07-05
KNN,058400,2026-07-05
누리플랜,069140,2026-07-05
아이텍,119830,2026-07-05
인화정공,101930,2026-07-05
셀피글로벌,068940,2026-07-05
뉴온,123840,2026-07-05
알파칩스,117670,2026-07-05
포메탈,119500,2026-07-05
다원시스,068240,2026-07-05
씨젠,096530,2026-07-05
와이솔,122990,2026-07-05
하이비젼시스템,126700,2026-07-05
화신정공,126640,2026-07-05
코리아에프티,123410,2026-07-05
엠에스오토텍,123040,2026-07-05
이글루,067920,2026-07-05
하이텍팜,106190,2026-07-05
에스디시스템,121890,2026-07-05
알톤,123750,2026-07-05
유비벨록스,089850,2026-07-05
오르비텍,046120,2026-07-05
엑스큐어,070300,2026-07-05
투비소프트,079970,2026-07-05
인피니트헬스케어,071200,2026-07-05
서진오토모티브,122690,2026-07-05
인지소프트,100030,2026-07-05
딥커머스,900110,2026-07-05
파이온엑스,900100,2026-07-05
케이씨에스,115500,2026-07-05
씨엑스아이,900120,2026-07-05
HLB테라퓨틱스,115450,2026-07-05
삼기,122350,2026-07-05
이미지스,115610,2026-07-05
케이이엠텍,106080,2026-07-05
모베이스,101330,2026-07-05
스타플렉스,115570,2026-07-05
우리넷,115440,2026-07-05
아세아텍,050860,2026-07-05
폴라리스우노,114630,2026-07-05
코디,080530,2026-07-05
글로벌에스엠,900070,2026-07-05
DGI,099520,2026-07-05
그린생명과학,114450,2026-07-05
그린생명과학,114450,2026-07-05
디와이피엔에프,104460,2026-07-05
위메이드,112040,2026-07-05
셀바스AI,108860,2026-07-05
이원컴포텍,088290,2026-07-05
강원에너지,114190,2026-07-05
휴맥스,115160,2026-07-05
앱토크롬,109960,2026-07-05
동방선기,099410,2026-07-05
KS인더스트리,101000,2026-07-05
진매트릭스,109820,2026-07-05
비츠로셀,082920,2026-07-05
한스바이오메드,042520,2026-07-05
NHN벅스,104200,2026-07-05
아이앤씨,052860,2026-07-05
케이엔더블유,105330,2026-07-05
디에스케이,109740,2026-07-05
제넥신,095700,2026-07-05
톱텍,108230,2026-07-05
동국S&C,100130,2026-07-05
에스앤더블류,103230,2026-07-05
컴투스홀딩스,063080,2026-07-05
동일금속,109860,2026-07-05
어보브반도체,102120,2026-07-05
위메이드맥스,101730,2026-07-05
이엔에프테크놀로지,102710,2026-07-05
스맥,099440,2026-07-05
SDN,099220,2026-07-05
한국정밀기계,101680,2026-07-05
흥국,010240,2026-07-05
우림피티에스,101170,2026-07-05
티플랙스,081150,2026-07-05
에스티오,098660,2026-07-05
에스앤에스텍,101490,2026-07-05
뷰웍스,100120,2026-07-05
코오롱생명과학,102940,2026-07-05
엔시트론,101400,2026-07-05
파인테크닉스,106240,2026-07-05
디에스엠,104040,2026-07-05
유비쿼스홀딩스,078070,2026-07-05
엠게임,058630,2026-07-05
아이컴포넌트,059100,2026-07-05
HLB생명과학,067630,2026-07-05
이크레더블,092130,2026-07-05
세운메디칼,100700,2026-07-05
마이크로컨텍솔,098120,2026-07-05
이엠앤아이,083470,2026-07-05
웰크론한텍,076080,2026-07-05
하이드로리튬,101670,2026-07-05
슈프리마에이치큐,094840,2026-07-05
서울옥션,063170,2026-07-05
이스트소프트,047560,2026-07-05
크레버스,096240,2026-07-05
월덱스,101160,2026-07-05
쎄트렉아이,099320,2026-07-05
고영,098460,2026-07-05
조이시티,067000,2026-07-05
우진비앤지,018620,2026-07-05
테스,095610,2026-07-05
예스24,053280,2026-07-05
엘디티,096870,2026-07-05
메타바이오메드,059210,2026-07-05
효성오앤비,097870,2026-07-05
한울소재과학,091440,2026-07-05
에스코넥,096630,2026-07-05
일신바이오,068330,2026-07-05
서원인텍,093920,2026-07-05
이씨에스,067010,2026-07-05
대창솔루션,096350,2026-07-05
엑시온그룹,069920,2026-07-05
알에프세미,096610,2026-07-05
디엔에프,092070,2026-07-05
일진파워,094820,2026-07-05
비엠티,086670,2026-07-05
신화프리텍,095190,2026-07-05
현우산업,092300,2026-07-05
케이알엠,093640,2026-07-05
에스에너지,095910,2026-07-05
성우전자,081580,2026-07-05
엘엠에스,073110,2026-07-05
제이엠티,094970,2026-07-05
오디텍,080520,2026-07-05
ISC,095340,2026-07-05
네오티스,085910,2026-07-05
미래나노텍,095500,2026-07-05
상보,027580,2026-07-05
바이오톡스텍,086040,2026-07-05
옴니시스템,057540,2026-07-05
푸른로보틱스,094940,2026-07-05
웨이브일렉트로,095270,2026-07-05
빅솔론,093190,2026-07-05
S&K폴리텍,091340,2026-07-05
멤레이비티,072770,2026-07-05
갤럭시아머니트리,094480,2026-07-05
에코프로,086520,2026-07-05
대산F&B,065150,2026-07-05
컴투스,078340,2026-07-05
네오위즈,095660,2026-07-05
앤씨앤,092600,2026-07-05
엔텔스,069410,2026-07-05
풍강,093380,2026-07-05
동국제약,086450,2026-07-05
케이프,064820,2026-07-05
상신이디피,091580,2026-07-05
한라IMS,092460,2026-07-05
에프알텍,073540,2026-07-05
이엠텍,091120,2026-07-05
참좋은여행,094850,2026-07-05
네오리진,094860,2026-07-05
LS증권,078020,2026-07-05
매커스,093520,2026-07-05
LSK아이로봇,091970,2026-07-05
네오팜,092730,2026-07-05
오스코텍,039200,2026-07-05
켐트로닉스,089010,2026-07-05
제이스로보틱스,090470,2026-07-05
동아엘텍,088130,2026-07-05
휴온스글로벌,084110,2026-07-05
케이씨티,089150,2026-07-05
파트론,091700,2026-07-05
유니테스트,086390,2026-07-05
휴림로봇,090710,2026-07-05
에스에이티,060540,2026-07-05
큐에스아이,066310,2026-07-05
멀티캠퍼스,067280,2026-07-05
코세스,089890,2026-07-05
성창오토텍,080470,2026-07-05
넥스턴앤롤코리아,089140,2026-07-05
제이티,089790,2026-07-05
아이윈,090150,2026-07-05
이녹스,088390,2026-07-05
THE E&M,089230,2026-07-05
바텍,043150,2026-07-05
MDS테크,086960,2026-07-05
루멘스,038060,2026-07-05
CSA 코스믹,083660,2026-07-05
NICE인프라,063570,2026-07-05
쇼박스,086980,2026-07-05
팬엔터테인먼트,068050,2026-07-05
인포뱅크,039290,2026-07-05
아이오케이이엔엠,078860,2026-07-05
동우팜투테이블,088910,2026-07-05
제이브이엠,054950,2026-07-05
팅크웨어,084730,2026-07-05
진바이오텍,086060,2026-07-05
티케이지애강,022220,2026-07-05
셀트리온제약,068760,2026-07-05
GST,083450,2026-07-05
에너토크,019990,2026-07-05
제우스,079370,2026-07-05
뉴프렉스,085670,2026-07-05
유진테크,084370,2026-07-05
CG인바이츠,083790,2026-07-05
바이오니아,064550,2026-07-05
헬릭스미스,084990,2026-07-05
인콘,083640,2026-07-05
차바이오텍,085660,2026-07-05
대봉엘에스,078140,2026-07-05
와이엔텍,067900,2026-07-05
와이엔텍,067900,2026-07-05
케이엠,083550,2026-07-05
비에이치아이,083650,2026-07-05
비보존 제약,082800,2026-07-05
자연과환경,043910,2026-07-05
와토스코리아,079000,2026-07-05
와토스코리아,079000,2026-07-05
폴라리스오피스,041020,2026-07-05
서린바이오,038070,2026-07-05
가비아,079940,2026-07-05
덕산하이메탈,077360,2026-07-05
아바코,083930,2026-07-05
하나마이크론,067310,2026-07-05
엘오티베큠,083310,2026-07-05
코스나인,082660,2026-07-05
이상네트웍스,080010,2026-07-05
메디포스트,078160,2026-07-05
우리바이오,082850,2026-07-05
모두투어,080160,2026-07-05
가온그룹,078890,2026-07-05
쏠리드,050890,2026-07-05
옵트론텍,082210,2026-07-05
젬백스,082270,2026-07-05
LIG아큐버,073490,2026-07-05
인베니아,079950,2026-07-05
동양이엔피,079960,2026-07-05
제주반도체,080220,2026-07-05
한창산업,079170,2026-07-05
APS이노베이션,079810,2026-07-05
iMBC,052220,2026-07-05
서산,079650,2026-07-05
서산,079650,2026-07-05
KX하이텍,052900,2026-07-05
손오공,066910,2026-07-05
미래컴퍼니,049950,2026-07-05
아이크래프트,052460,2026-07-05
메가스터디,072870,2026-07-05
케이에스피,073010,2026-07-05
KG파이낸셜,046440,2026-07-05
대주전자재료,078600,2026-07-05
텔레칩스,054450,2026-07-05
HB테크놀러지,078150,2026-07-05
도이치모터스,067990,2026-07-05
토비스,051360,2026-07-05
국일제지,078130,2026-07-05
DMS,068790,2026-07-05
시너지이노베이션,048870,2026-07-05
신성델타테크,065350,2026-07-05
한국경제TV,039340,2026-07-05
다날,064260,2026-07-05
형지I&C,011080,2026-07-05
비케이홀딩스,050090,2026-07-05
YBM넷,057030,2026-07-05
CS,065770,2026-07-05
아미노로직스,074430,2026-07-05
테라젠이텍스,066700,2026-07-05
디에이피,066900,2026-07-05
한양디지텍,078350,2026-07-05
동국알앤에스,075970,2026-07-05
빛과전자,069540,2026-07-05
듀오백,073190,2026-07-05
삼진엘앤디,054090,2026-07-05
폴라리스AI파마,041910,2026-07-05
세진티에스,067770,2026-07-05
인티큐브,070590,2026-07-05
리튬포어스,073570,2026-07-05
테라사이언스,073640,2026-07-05
우주일렉트로,065680,2026-07-05
SOOP,067160,2026-07-05
드림어스컴퍼니,060570,2026-07-05
버킷스튜디오,066410,2026-07-05
원익QnC,074600,2026-07-05
로체시스템즈,071280,2026-07-05
에스텍,069510,2026-07-05
오텍,067170,2026-07-05
키이스트,054780,2026-07-05
현대에버다임,041440,2026-07-05
중앙백신,072020,2026-07-05
휴비츠,065510,2026-07-05
우리산업홀딩스,072470,2026-07-05
디지털대성,068930,2026-07-05
유아이디,069330,2026-07-05
티씨케이,064760,2026-07-05
아모텍,052710,2026-07-05
파워로직스,047310,2026-07-05
홈캐스트,064240,2026-07-05
씨씨에스,066790,2026-07-05
웹젠,069080,2026-07-05
대화제약,067080,2026-07-05
스모트로닉,066590,2026-07-05
JW신약,067290,2026-07-05
하츠,066130,2026-07-05
빅텍,065450,2026-07-05
탑엔지니어링,065130,2026-07-05
이루온,065440,2026-07-05
재영솔루텍,049630,2026-07-05
한국큐빅,021650,2026-07-05
인터플렉스,051370,2026-07-05
삼영이엔씨,065570,2026-07-05
하이퍼코퍼레이션,065650,2026-07-05
한성크린텍,066980,2026-07-05
리더스코스메틱,016100,2026-07-05
케이피엠테크,042040,2026-07-05
디티씨,066670,2026-07-05
아이로보틱스,066430,2026-07-05
초록뱀미디어,047820,2026-07-05
쎌바이오텍,049960,2026-07-05
NE능률,053290,2026-07-05
테크엘,064520,2026-07-05
KG이니시스,035600,2026-07-05
비엘팜텍,065170,2026-07-05
플래스크,041590,2026-07-05
새로닉스,042600,2026-07-05
오리엔트정공,065500,2026-07-05
에이전트AI,060900,2026-07-05
에이전트AI,060900,2026-07-05
국보디자인,066620,2026-07-05
아이톡시,052770,2026-07-05
에스아이리소스,065420,2026-07-05
포니링크,064800,2026-07-05
폴라리스AI,039980,2026-07-05
현대바이오,048410,2026-07-05
에스피지,058610,2026-07-05
서호전기,065710,2026-07-05
파커스,065690,2026-07-05
HC홈센타,060560,2026-07-05
코스리거글로벌,043710,2026-07-05
아비코전자,036010,2026-07-05
큐렉소,060280,2026-07-05
우원개발,046940,2026-07-05
인선이엔티,060150,2026-07-05
와이어블,065530,2026-07-05
SM Life Design,063440,2026-07-05
지어소프트,051160,2026-07-05
지엔코,065060,2026-07-05
셀루메드,049180,2026-07-05
KH바텍,060720,2026-07-05
알에프텍,061040,2026-07-05
에스폴리텍,050760,2026-07-05
이랜텍,054210,2026-07-05
ES큐브,050120,2026-07-05
케이피티유,054410,2026-07-05
3S,060310,2026-07-05
화일약품,061250,2026-07-05
오상자이엘,053980,2026-07-05
NH농우바이오,054050,2026-07-05
케이엘넷,039420,2026-07-05
에스티아이,039440,2026-07-05
잉크테크,049550,2026-07-05
대한뉴팜,054670,2026-07-05
씨티씨바이오,060590,2026-07-05
인탑스,049070,2026-07-05
LS마린솔루션,060370,2026-07-05
피씨디렉트,051380,2026-07-05
한국기업평가,034950,2026-07-05
뉴보텍,060260,2026-07-05
동양에스텍,060380,2026-07-05
백금T&A,046310,2026-07-05
고려신용정보,049720,2026-07-05
서울반도체,046890,2026-07-05
아가방컴퍼니,013990,2026-07-05
한주에이알티,058450,2026-07-05
유신,054930,2026-07-05
프럼파스트,035200,2026-07-05
한국컴퓨터,054040,2026-07-05
링네트,042500,2026-07-05
크레오에스지,040350,2026-07-05
팬스타엔터프라이즈,054300,2026-07-05
한빛소프트,047080,2026-07-05
NHN KCP,060250,2026-07-05
CNT85,056730,2026-07-05
금강철강,053260,2026-07-05
스타코링크,060240,2026-07-05
SY동아,041930,2026-07-05
비츠로시스,054220,2026-07-05
오리엔탈정공,014940,2026-07-05
웰킵스하이텍,043590,2026-07-05
SFA,056190,2026-07-05
리노공업,058470,2026-07-05
성우테크론,045300,2026-07-05
신화인터텍,056700,2026-07-05
엑사이엔씨,054940,2026-07-05
피에이치에이,043370,2026-07-05
APS,054620,2026-07-05
코위버,056360,2026-07-05
성호전자,043260,2026-07-05
YW,051390,2026-07-05
삼영엠텍,054540,2026-07-05
이니텍,053350,2026-07-05
유진로봇,056080,2026-07-05
태웅,044490,2026-07-05
경남제약,053950,2026-07-05
삼보모터스,053700,2026-07-05
한컴위드,054920,2026-07-05
코미팜,041960,2026-07-05
프리엠스,053160,2026-07-05
코나아이,052400,2026-07-05
메디콕스,054180,2026-07-05
더테크놀로지,043090,2026-07-05
비트플래닛,049470,2026-07-05
지에스이,053050,2026-07-05
아이디스홀딩스,054800,2026-07-05
안랩,053800,2026-07-05
YTN,040300,2026-07-05
CMG제약,058820,2026-07-05
JYP Ent.,035900,2026-07-05
KCC건설,021320,2026-07-05
세동,053060,2026-07-05
프로텍,053610,2026-07-05
액토즈소프트,052790,2026-07-05
세코닉스,053450,2026-07-05
바이넥스,053030,2026-07-05
오성첨단소재,052420,2026-07-05
태양,053620,2026-07-05
오션인더블유,052300,2026-07-05
유아이엘,049520,2026-07-05
대원미디어,048910,2026-07-05
중앙첨단소재,051980,2026-07-05
CJ프레시웨이,051500,2026-07-05
파인디앤씨,049120,2026-07-05
디지아이,043360,2026-07-05
한네트,052600,2026-07-05
에스티큐브,052020,2026-07-05
티에스넥스젠,043220,2026-07-05
피노,033790,2026-07-05
나라엠앤디,051490,2026-07-05
에코심플렉스,038870,2026-07-05
에이텍,045660,2026-07-05
대아티아이,045390,2026-07-05
캠시스,050110,2026-07-05
현대바이오랜드,052260,2026-07-05
SFA반도체,036540,2026-07-05
삼표시멘트,038500,2026-07-05
HLB이노베이션,024850,2026-07-05
SM C&C,048550,2026-07-05
승일,049830,2026-07-05
TPC로보틱스,048770,2026-07-05
코메론,049430,2026-07-05
빌리언스,044480,2026-07-05
삼화네트웍스,046390,2026-07-05
성광벤드,014620,2026-07-05
유라테크,048430,2026-07-05
삼현철강,017480,2026-07-05
오픈베이스,049480,2026-07-05
삼양케이씨아이,036670,2026-07-05
오로라,039830,2026-07-05
금화피에스시,036190,2026-07-05
코다코,046070,2026-07-05
인바디,041830,2026-07-05
고려제약,014570,2026-07-05
크린앤사이언스,045520,2026-07-05
KD,044180,2026-07-05
이글벳,044960,2026-07-05
아즈텍WB,032080,2026-07-05
오리콤,010470,2026-07-05
위닉스,044340,2026-07-05
상지건설,042940,2026-07-05
엔피케이,048830,2026-07-05
삼천당제약,000250,2026-07-05
에이치케이,044780,2026-07-05
정원엔시스,045510,2026-07-05
한양이엔지,045100,2026-07-05
누리플렉스,040160,2026-07-05
에쎈테크,043340,2026-07-05
국순당,043650,2026-07-05
엘컴텍,037950,2026-07-05
이오테크닉스,039030,2026-07-05
상상인,038540,2026-07-05
서울제약,018680,2026-07-05
HLB파나진,046210,2026-07-05
나노엔텍,039860,2026-07-05
오공,045060,2026-07-05
알파AI,043100,2026-07-05
비츠로테크,042370,2026-07-05
코아시아,045970,2026-07-05
정상제이엘에스,040420,2026-07-05
진양제약,007370,2026-07-05
진성티이씨,036890,2026-07-05
현대에이치티,039010,2026-07-05
삼아제약,009300,2026-07-05
파루,043200,2026-07-05
에스씨디,042110,2026-07-05
한국정보공학,039740,2026-07-05
디오,039840,2026-07-05
네오위즈홀딩스,042420,2026-07-05
다산네트웍스,039560,2026-07-05
바이오스마트,038460,2026-07-05
우리기술,032820,2026-07-05
안국약품,001540,2026-07-05
세중,039310,2026-07-05
케이바이오랩스,038530,2026-07-05
HRS,036640,2026-07-05
에스에이엠티,031330,2026-07-05
위즈코프,038620,2026-07-05
이건홀딩스,039020,2026-07-05
파인디지털,038950,2026-07-05
SG&G,040610,2026-07-05
아이에이,038880,2026-07-05
에스넷,038680,2026-07-05
에스엠,041510,2026-07-05
아이티센엔텍,010280,2026-07-05
대성미생물,036480,2026-07-05
케이엠더블유,032500,2026-07-05
경남스틸,039240,2026-07-05
마크로젠,038290,2026-07-05
희림,037440,2026-07-05
레드캡투어,038390,2026-07-05
솔브레인홀딩스,036830,2026-07-05
에프에스티,036810,2026-07-05
코맥스,036690,2026-07-05
EG,037370,2026-07-05
EG,037370,2026-07-05
성도이엔지,037350,2026-07-05
제일테크노스,038010,2026-07-05
무림SP,001810,2026-07-05
세종텔레콤,036630,2026-07-05
심텍홀딩스,036710,2026-07-05
파세코,037070,2026-07-05
KZ정밀,036560,2026-07-05
서희건설,035890,2026-07-05
주성엔지니어링,036930,2026-07-05
케이티알파,036030,2026-07-05
다우데이타,032190,2026-07-05
동진쎄미켐,005290,2026-07-05
에이치엠넥스,036170,2026-07-05
제이에스티나,026040,2026-07-05
한국팩키지,037230,2026-07-05
삼지전자,037460,2026-07-05
우리엔터프라이즈,037400,2026-07-05
네패스,033640,2026-07-05
인지디스플레,037330,2026-07-05
위지트,036090,2026-07-05
유니셈,036200,2026-07-05
유성티엔에스,024800,2026-07-05
코리아나,027050,2026-07-05
골드앤에스,035290,2026-07-05
서울평가정보,036120,2026-07-05
서울전자통신,027040,2026-07-05
대성창투,027830,2026-07-05
예림당,036000,2026-07-05
CJ ENM,035760,2026-07-05
이지홀딩스,035810,2026-07-05
기산텔레콤,035460,2026-07-05
바른손이앤에이,035620,2026-07-05
솔본,035610,2026-07-05
시공테크,020710,2026-07-05
신일제약,012790,2026-07-05
조아제약,034940,2026-07-05
인성정보,033230,2026-07-05
그래디언트,035080,2026-07-05
매일홀딩스,005990,2026-07-05
해성산업,034810,2026-07-05
한국정보통신,025770,2026-07-05
파라텍,033540,2026-07-05
드래곤플라이,030350,2026-07-05
엠케이전자,033160,2026-07-05
엠투엔,033310,2026-07-05
제이씨현시스템,033320,2026-07-05
스페코,013810,2026-07-05
좋은사람들,033340,2026-07-05
로젠,033290,2026-07-05
모아텍,033200,2026-07-05
코콤,015710,2026-07-05
제룡전기,033100,2026-07-05
제이엠아이,033050,2026-07-05
디지틀조선,033130,2026-07-05
와이지-원,019210,2026-07-05
특수건설,026150,2026-07-05
아이즈비전,031310,2026-07-05
동일기연,032960,2026-07-05
소프트센,032680,2026-07-05
원익,032940,2026-07-05
원풍물산,008290,2026-07-05
더라미,032860,2026-07-05
엠젠솔루션,032790,2026-07-05
판타지오,032800,2026-07-05
GC메디아이,032620,2026-07-05
피델릭스,032580,2026-07-05
TJ미디어,032540,2026-07-05
휴맥스홀딩스,028080,2026-07-05
삼일,032280,2026-07-05
뉴인텍,012340,2026-07-05
오스템,031510,2026-07-05
디에이치엑스컴퍼니,031860,2026-07-05
피에스케이홀딩스,031980,2026-07-05
세보엠이씨,011560,2026-07-05
한일단조,024740,2026-07-05
양지사,030960,2026-07-05
원익홀딩스,030530,2026-07-05
한글과컴퓨터,030520,2026-07-05
메이슨캐피탈,021880,2026-07-05
광무,029480,2026-07-05
대호특수강,021040,2026-07-05
HLB,028300,2026-07-05
팜스토리,027710,2026-07-05
삼보판지,023600,2026-07-05
삼목에스폼,018310,2026-07-05
에이스침대,003800,2026-07-05
원익큐브,014190,2026-07-05
리드코프,012700,2026-07-05
유니슨,018000,2026-07-05
아난티,025980,2026-07-05
광진실업,026910,2026-07-05
인터엠,017250,2026-07-05
성우하이텍,015750,2026-07-05
대신정보통신,020180,2026-07-05
대신정보통신,020180,2026-07-05
동신건설,025950,2026-07-05
동화기업,025900,2026-07-05
케이씨피드,025880,2026-07-05
한탑,002680,2026-07-05
한국선재,025550,2026-07-05
DH오토웨어,025440,2026-07-05
DH오토웨어,025440,2026-07-05
시노펙스,025320,2026-07-05
PN풍년,024940,2026-07-05
삼천리자전거,024950,2026-07-05
메디앙스,014100,2026-07-05
대륙제관,004780,2026-07-05
동원개발,013120,2026-07-05
세원물산,024830,2026-07-05
케이피에프,024880,2026-07-05
KB오토시스,024120,2026-07-05
신원종합개발,017000,2026-07-05
흥구석유,024060,2026-07-05
이화공영,001840,2026-07-05
풍국주정,023900,2026-07-05
대림제지,017650,2026-07-05
대한광통신,010170,2026-07-05
동일스틸럭스,023790,2026-07-05
플레이위드,023770,2026-07-05
한국캐피탈,023760,2026-07-05
한일사료,005860,2026-07-05
모베이스전자,012860,2026-07-05
국영지앤엠,006050,2026-07-05
유진기업,023410,2026-07-05
제이스코홀딩스,023440,2026-07-05
보성파워텍,006910,2026-07-05
브이티,018290,2026-07-05
태광,023160,2026-07-05
와이엠,007530,2026-07-05
신라섬유,001000,2026-07-05
원일특강,012620,2026-07-05
서한,011370,2026-07-05
졸스,018700,2026-07-05
부방,014470,2026-07-05
소노스퀘어,007720,2026-07-05
유니크,011320,2026-07-05
진로발효,018120,2026-07-05
청보,013720,2026-07-05
삼보산업,009620,2026-07-05
푸드웰,005670,2026-07-05
푸른저축은행,007330,2026-07-05
피제이전자,006140,2026-07-05
베뉴지,019010,2026-07-05
엠에스씨,009780,2026-07-05
대동금속,020400,2026-07-05
대원산업,005710,2026-07-05
큐캐피탈,016600,2026-07-05
한국가구,004590,2026-07-05
중앙에너비스,000440,2026-07-05
삼륭물산,014970,2026-07-05
경동제약,011040,2026-07-05
원풍,008370,2026-07-05
네이처셀,007390,2026-07-05
삼일기업공사,002290,2026-07-05
일지테크,019540,2026-07-05
한국알콜,017890,2026-07-05
대주산업,003310,2026-07-05
글로본,019660,2026-07-05
세명전기,017510,2026-07-05
에이티넘인베스트,021080,2026-07-05
피에스텍,002230,2026-07-05
이렘,009730,2026-07-05
카스,016920,2026-07-05
하이록코리아,013030,2026-07-05
SBI인베스트먼트,019550,2026-07-05
플루토스,019570,2026-07-05
모헨즈,006920,2026-07-05
